Title,Artist,ConstituentID,ArtistBio,Nationality,BeginDate,EndDate,Gender,Date,Medium,Dimensions,CreditLine,AccessionNumber,Classification,Department,DateAcquired,Cataloged,ObjectID,URL,ThumbnailURL,Circumference (cm),Depth (cm),Diameter (cm),Height (cm),Length (cm),Weight (kg),Width (cm),Seat Height (cm),Duration (sec.)
In-text plate (folio 11) from The Adventures of a Novel in Four Chapters,Bruce Conner,1215,"(American, 1933–2008)",(American),(1933),(2008),(Male),1991,One from an illustrated book with fourteen line blocks and one ink drawing,"composition (irreg.): 8 1/4 x 6 1/8"" (21 x 15.6 cm); page: 13 3/8 × 10 7/16"" (34 × 26.5 cm)",John B. Turner Fund,487.1992.6,Illustrated Book,Drawings & Prints,1992-11-04,Y,17933,http://www.moma.org/collection/works/17933,http://www.moma.org/media/W1siZiIsIjMzNzIzOSJdLFsicCIsImNvbnZlcnQiLCItcmVzaXplIDMwMHgzMDBcdTAwM2UiXV0.jpg?sha=69540cc26f7776d1,,,,21.0,,,15.6,,
QUAI D'ORLÉANS AU NUMEROS 20,Eugène Atget,229,"(French, 1857–1927)",(French),(1857),(1927),(Male),1914,Albumen silver print,,Abbott-Levy Collection. Partial gift of Shirley C. Burden,1.1969.4349,Photograph,Photography,1968-03-06,N,42600,,,,,,,,,,,
The Côte D'Azur Triangle,Mark Beard,411,"(American, born 1956)",(American),(1956),(0),(Male),1985,Illustrated book with fifteen lithographs and 1 aquatint,"irreg. page  13 15/16 x 12"" (35 x 30.5 cm)
Prints:  various dimensions.",Gift of Barbara Pine (through the Associates of the Department of Prints and Illustrated Books),22.1986.1-16,Illustrated Book,Drawings & Prints,1986-01-09,N,9576,,,,,,35.0,,,30.5,,
"""Hello My Name Is"" Dunny","Paul Budnitz, Tristan Eaton, Huck Gee","32733, 32734, 32744","(American, born 1967) (American, born 1978) (British, born 1973)",(American) (American) (British),(1967) (1978) (1973),(0) (0) (0),(Male) (Male) (Male),2006,Vinyl,"8 x 5 x 5 1/4"" (20.3 x 12.7 x 13.3 cm)",Gift of the manufacturer,331.2007,Design,Architecture & Design,2007-06-05,Y,109309,http://www.moma.org/collection/works/109309,,,,13.335,20.32,,,12.7,,
Poster of the French National Railroad,Album-miscellaneous,101,(Various),(),(0),(0),(),1900-1943,,,Gift of the French National Railroads,65.1943.347,Design,Architecture & Design,1943-02-18,N,163166,,,,,,,,,,,
Study,Germaine Krull,3268,"(Dutch, born Germany. 1897–1985)",(Dutch),(1897),(1985),(Female),1931,Gelatin silver print,"8 7/16 × 6 1/16"" (21.5 × 15.4 cm)",Thomas Walther Collection. Gift of Thomas Walther,1754.2001,Photograph,Photography,2001-12-13,Y,84027,http://www.moma.org/collection/works/84027,http://www.moma.org/media/W1siZiIsIjIwMzAwOSJdLFsicCIsImNvbnZlcnQiLCItcmVzaXplIDMwMHgzMDBcdTAwM2UiXV0.jpg?sha=3e04b466a37859dc,,,,21.5,,,15.4,,
FONTAINE DU MARCHÉ SAINT-GERMAIN,Eugène Atget,229,"(French, 1857–1927)",(French),(1857),(1927),(Male),n.d.,Albumen silver print,"Approx. 6 1/2 × 8 1/2"" (16.5 × 21.6 cm)",Abbott-Levy Collection. Partial gift of Shirley C. Burden,1.1969.3730,Photograph,Photography,1968-03-06,N,42130,,,,,,,,,,,
Edward Lear,David Hockney,2678,"(British, born 1937)",(British),(1937),(0),(Male),1964,Etching and aquatint,"Plate 19 5/8 x 15 7/8"" (49.8 x 40.4 cm) Sheet  24 x 19 3/4"" (61.0 x 50.1 cm)",Gift of the Associated American Artists,634.1964,Print,Drawings & Prints,1964-10-06,N,72240,,,,,,49.8,,,40.4,,
In-text plate (folio 5 verso) from VACILLATIONS,Pierre Alechinsky,107,"(Belgian, born 1927)",(Belgian),(1927),(0),(Male),1979,"Lithograph, printed in color","irreg. composition  11 7/8 x 8 11/16"" (30.1 x 22 cm)",Gift of the artist,19.1988.A06,Illustrated Book,Drawings & Prints,1988-01-19,N,9322,,,,,,30.1,,,22.0,,
Lighting Fixture,Harry Handler,2487,(American),(American),(0),(0),(Male),c. 1946,Aluminum with chrome-plated steel stem,"Overall: l. 28 1/4"" (71.7 cm), diam. 5 5/8"" (14.3 cm)",Gift of the manufacturer,94.1948.a-b,Design,Architecture & Design,1948-03-17,N,2083,,,,,14.3,,71.7,,,,
Place [du] Théâtre Français,Eugène Atget,229,"(French, 1857–1927)",(French),(1857),(1927),(Male),Mai 1926,Gelatin silver printing-out-paper print,"Approx. 7 1/16 × 8 9/16"" (18 × 21.8 cm)",Abbott-Levy Collection. Partial gift of Shirley C. Burden,1.1969.4224,Photograph,Photography,1968-03-06,Y,42462,http://www.moma.org/collection/works/42462,http://www.moma.org/media/W1siZiIsIjI4Mjk3OCJdLFsicCIsImNvbnZlcnQiLCItcmVzaXplIDMwMHgzMDBcdTAwM2UiXV0.jpg?sha=71124f782045a7e6,,,,,,,,,
"Coney Island, New York",Garry Winogrand,6399,"(American, 1928–1984)",(American),(1928),(1984),(Male),1952,"Gelatin silver print, printed 1974","8 9/16 × 12 15/16"" (21.8 × 32.8 cm)",Gift of N. Carol Lipis,847.1978.11,Photograph,Photography,1978-12-14,N,56908,,,,,,21.8,,,32.8,,
Plate (folio 56) from LOS SIETE PECADOS CAPITALES,Leonel Gongora,2228,"(Colombian, born 1932)",(Colombian),(1932),(0),(Male),1986,"Soft ground etching and aquatint, printed in color","plate  12 5/16 x 8 3/4"" (31.3 x 22.3 cm)",Gift of Internacional de Ediciones S.A,484.1986.26,Illustrated Book,Drawings & Prints,1987-01-15,N,17847,,,,,,31.3,,,22.3,,
"Convention Hall Project, Chicago, IL (Perspective sketches)",Ludwig Mies van der Rohe,7166,"(American, born Germany. 1886–1969)",(American),(1886),(1969),(Male),1954,Pencil and colored pencil on paper,"6 x 8 1/4"" (15.2 x 21 cm)","Mies van der Rohe Archive, gift of the architect
",MR5306.72,Mies van der Rohe Archive,Architecture & Design,,Y,175071,http://www.moma.org/collection/works/175071,,,,,15.2400304801,,,20.9550419101,,
Metro from No Parking Anytime,Shahzia Sikander,8197,"(Pakistani, born 1969)",(Pakistani),(1969),(0),(Female),2001,"Photogravure with etching and chine collé from a portfolio of nine photogravures, one with etching, two with aquatint, one with etching and aquatint, four with etching and chine collé, and one with etching, aquatint and chine collé","plate: 10 1/16 x 7 1/2"" (25.6 x 19 cm); sheet: 18 3/16 x 14 9/16"" (46.2 x 37 cm)",Johanna and Leslie J. Garfield Fund,367.2002.4,Print,Drawings & Prints,2002-11-20,Y,98794,http://www.moma.org/collection/works/98794,http://www.moma.org/media/W1siZiIsIjE5MjQyOSJdLFsicCIsImNvbnZlcnQiLCItcmVzaXplIDMwMHgzMDBcdTAwM2UiXV0.jpg?sha=023c20720a555c51,,,,25.6,,,19.0,,
Means and Ends,Gary Kuehn,3283,"(American, born 1939)",(American),(1939),(0),(Male),(1975),Portfolio of six photoetchings and three brandings,Prints:  various dimensions.,Acquired with matching funds from Carol O. Selle and the National Endowment for the Arts,27.1979.1-9,Print,Drawings & Prints,1979-01-23,Y,60390,http://www.moma.org/collection/works/60390,http://www.moma.org/media/W1siZiIsIjE5MjMxNyJdLFsicCIsImNvbnZlcnQiLCItcmVzaXplIDMwMHgzMDBcdTAwM2UiXV0.jpg?sha=57c0e3e2a1103dcc,,,,,,,,,
Case for Fluxkit,Various Artists,24409,,(),(0),(0),(),1965,Vinyl-covered attaché case with screenprint,"overall (case): 13 3/8 x 17 1/2 x 4 15/16"" (34 x 44.5 x 12.5 cm)",The Gilbert and Lila Silverman Fluxus Collection Gift,2182.2008.1,Multiple,Drawings & Prints,,N,149309,,,,12.5,,34.0,,,44.5,,
"County of Sutherland, Scotland, 1988",Stephen Shore,5409,"(American, born 1947)",(American),(1947),(0),(Male),1988,Chromogenic color print,"35 1/2 × 45 1/2"" (90.2 × 115.6 cm)
","Gift of Susan and Arthur Fleischer, Jr.",1052.2015,Photograph,Photography,2015-10-15,Y,195960,http://www.moma.org/collection/works/195960,http://www.moma.org/media/W1siZiIsIjMzNDk5MyJdLFsicCIsImNvbnZlcnQiLCItcmVzaXplIDMwMHgzMDBcdTAwM2UiXV0.jpg?sha=bb37832f949ff220,,0.0,,90.1701803404,,,115.5702311405,,
SCEAUX -- ANCIEN CHÂTEAU,Eugène Atget,229,"(French, 1857–1927)",(French),(1857),(1927),(Male),1923,Albumen silver print,,Abbott-Levy Collection. Partial gift of Shirley C. Burden,1.1969.2728,Photograph,Photography,1968-03-06,N,40728,,,,,,,,,,,
Drawing (Part of a suite of 4) The Bed Levitation Scene for Einstein on the Beach,Robert Wilson,6390,"(American, born 1941)",(American),(1941),(0),(Male),1976,Graphite on paper,"29 7/8 x 41 1/2"" (75.9 x 105.4 cm)
",Gift of R.L.B. Tobin,519.1977,Drawing,Drawings & Prints,1977-11-02,Y,37278,http://www.moma.org/collection/works/37278,http://www.moma.org/media/W1siZiIsIjg1NDA4Il0sWyJwIiwiY29udmVydCIsIi1yZXNpemUgMzAweDMwMFx1MDAzZSJdXQ.jpg?sha=5f1b25bf4967b5b8,,,,75.9,,,105.4,,
Spectacles,Jean Dubuffet,1633,"(French, 1901–1985)",(French),(1901),(1985),(Male),1961,Lithograph,,Gift of Mr. and Mrs. Ralph F. Colin,629.1966.102,Print,Drawings & Prints,1966-12-06,N,164178,,,,,,,,,,,
Untitled,Matthew Monahan,28723,"(American, born 1972)",(American),(1972),(0),(Male),2002,Carbon paper transfer on three pieces of paper,"38 x 71"" (96.5 x 180.3 cm)",The Judith Rothschild Foundation Contemporary Drawings Collection Gift,2441.2005.1-3,Drawing,Drawings & Prints,2005-05-10,N,106755,,,,,,96.5202,,,180.3404,,
Energy Tree,Gordon Matta-Clark,6636,"(American, 1943–1978)",(American),(1943),(1978),(Male),1972-73,"Felt-tip pen, crayon, and pencil on paper","22 1/2 x 28 1/2"" (57.2 x 72.4 cm)",The Judith Rothschild Foundation Contemporary Drawings Collection Gift,2350.2005,Drawing,Drawings & Prints,2005-05-10,Y,96624,http://www.moma.org/collection/works/96624,http://www.moma.org/media/W1siZiIsIjExNzQ3MCJdLFsicCIsImNvbnZlcnQiLCItcmVzaXplIDMwMHgzMDBcdTAwM2UiXV0.jpg?sha=e83620b1d3d78ccb,,,,57.1501,,,72.3901,,
Plate (folio 81) from Elephant Skull,Henry Moore,4071,"(British, 1898–1986)",(British),(1898),(1986),(Male),1970,"Etching and drypoint from an illustrated book with 33 etchings (including wrapper, five with drypoint)","plate  7 11/16 x 11 3/4"" (19.6 x 29.8 cm)",Gift of the artist and the publisher,520.1971.29,Illustrated Book,Drawings & Prints,1971-10-07,N,18161,,,,,,19.6,,,29.8,,
Triviality,Milan Knížák,29427,"(Czech, born 1940)",(Czech),(1940),(0),(Male),1982,Photocopy,,The Gilbert and Lila Silverman Fluxus Collection Gift,3160.2008.95,Print,Drawings & Prints,2008-10-08,N,179008,,,,0.0,,0.0,,,0.0,,
Moulin Rouge,Ilse Bing,561,"(American, born Germany. 1899–1998)",(American),(1899),(1998),(Female),1931,Gelatin silver print,"11 7/16 × 13 9/16"" (29 × 34.5 cm)",Bequest of Ilse Bing Wolff,905.2013,Photograph,Photography,2013-10-24,Y,173508,http://www.moma.org/collection/works/173508,http://www.moma.org/media/W1siZiIsIjI4NDc4OCJdLFsicCIsImNvbnZlcnQiLCItcmVzaXplIDMwMHgzMDBcdTAwM2UiXV0.jpg?sha=cbb75c55b18c2a3f,,,,29.0,,,34.5,,
Untitled,Mateo López,38678,"(Colombian, born 1978)",(Colombian),(1978),(0),(Male),(2008-10),Roll of film,"1 3/4 x 7/8 x 7/8"" (4.4 x 2.2 x 2.2 cm)",Latin American and Caribbean Fund,33.2011.14,Installation,Drawings & Prints,2010-10-13,N,141888,,,,2.222504445,,4.44500889,,,2.222504445,,
"College Point, Queens",Madoka Takagi,7041,"(Japanese, 1956–2015)",(Japanese),(1956),(2015),(Female),1990,Platinum/Palladium print,"7 5/8 × 9 1/2"" (19.3 × 24.2 cm)",Gift of Jessica and Robert Solomon,47.2005,Photograph,Photography,2005-01-12,Y,98293,http://www.moma.org/collection/works/98293,http://www.moma.org/media/W1siZiIsIjE5MjYzNiJdLFsicCIsImNvbnZlcnQiLCItcmVzaXplIDMwMHgzMDBcdTAwM2UiXV0.jpg?sha=c316a1cd59b687a2,,,,19.3,,,24.2,,
Untitled,Unknown photographer,8595,,(),(0),(0),(),c. 1930,Gelatin silver print,"4 1/8 × 2 5/8"" (10.4 × 6.7 cm)",Gift of Thomas Walther,436.2005,Photograph,Photography,2005-05-11,Y,98152,http://www.moma.org/collection/works/98152,http://www.moma.org/media/W1siZiIsIjI5MzM5OCJdLFsicCIsImNvbnZlcnQiLCItcmVzaXplIDMwMHgzMDBcdTAwM2UiXV0.jpg?sha=337f9d4ac26b1954,,,,10.4,,,6.7,,
Untitled,Unknown photographer,8595,,(),(0),(0),(),c. 1950,Gelatin silver print with applied color,"1 3/4 × 1 7/16"" (4.5 × 3.6 cm)
",Gift of Peter J. Cohen,534.2019,Photograph,Photography,2019-11-12,N,400031,,,,,,4.5,,,3.6,,
Extended Order (Ordre dispersé) from the portfolio Pencil on Shell (Crayon sur coquille),Pierre Alechinsky,107,"(Belgian, born 1927)",(Belgian),(1927),(0),(Male),1971,Lithograph,"composition (irreg.): 18 3/4 x 14 3/16"" (47.7 x 36 cm); sheet: 22 1/16 x 16 7/8"" (56 x 42.9 cm)",Gift of the artist,576.1978.2,Print,Drawings & Prints,1978-10-17,Y,71378,http://www.moma.org/collection/works/71378,http://www.moma.org/media/W1siZiIsIjE5NzQxNiJdLFsicCIsImNvbnZlcnQiLCItcmVzaXplIDMwMHgzMDBcdTAwM2UiXV0.jpg?sha=6add899f5e882704,,,,47.7,,,36.0,,
"Duplicate of plate from folio 24 (supplementary suite, plate 17) from LA VILLE",Frans Masereel,3814,"(Belgian, 1889–1972)",(Belgian),(1889),(1972),(Male),1925,,"composition  6 7/16 x 4 7/16"" (16.3 x 11.3 cm)",Purchase,587.1949.119,Illustrated Book,Drawings & Prints,1949-09-29,N,19129,,,,,,16.3,,,11.3,,
New York City,Lee Friedlander,2002,"(American, born 1934)",(American),(1934),(0),(Male),1968,Gelatin silver print,"8 3/8 × 12 5/8"" (21.4 × 32.3 cm)",Gift of N. Carol Lipis,846.1978.5,Photograph,Photography,1978-12-14,N,56896,,,,,,21.4,,,32.3,,
"Straight, Not-straight/Straight, Not-straight (plate, folio 22) from Grids, Using Straight Lines, Not-Broken Lines and Broken Lines in all Their Possible Combinations",Sol LeWitt,3528,"(American, 1928–2007)",(American),(1928),(2007),(Male),1973,Etching from an illustrated book with twenty-eight etchings,"composition and page: 10 9/16 × 10 9/16"" (26.9 × 26.9 cm)",Purchase,161.1975.19,Illustrated Book,Drawings & Prints,1975-05-09,Y,12497,http://www.moma.org/collection/works/12497,http://www.moma.org/media/W1siZiIsIjM1NzkzNCJdLFsicCIsImNvbnZlcnQiLCItcmVzaXplIDMwMHgzMDBcdTAwM2UiXV0.jpg?sha=3c7c66f7b77073e4,,,,,,,,,
Plate (page 9) from IO E ALTRO,Roberto Barni,6644,"(Italian, born 1939)",(Italian),(1939),(0),(Male),1991,"Aquatint and soft ground etching with roulette, printed in black","partial plate  9 5/8 x 8 15/16"" (24.5 x 22.8 cm)",Gift of Piergiorgio Spallacci,152.1992.2,Illustrated Book,Drawings & Prints,1992-01-22,N,12039,,,,,,24.5,,,22.8,,
Work Drawing: Vest,Franz Erhard Walther,7662,"(German, born 1939)",(German),(1939),(0),(Male),1965/1966,"Watercolor, ink, and pencil on paper",,Richard S. Zeisler Bequest (by exchange),41.2011.11.a-b,Drawing,Drawings & Prints,2011-02-07,Y,144587,http://www.moma.org/collection/works/144587,http://www.moma.org/media/W1siZiIsIjI0ODg0OCJdLFsicCIsImNvbnZlcnQiLCItcmVzaXplIDMwMHgzMDBcdTAwM2UiXV0.jpg?sha=cb6e7813ae8a742e,,,,,,,,,
Them and Us,Neil Jenney,2904,"(American, born 1945)",(American),(1945),(0),(Male),1969,"Synthetic polymer paint with pencil on canvas, with painted wood frame","61"" x 11' 3"" x 3 1/2"" (154.9 x 342.9 x 8.9 cm) including frame",Gift of Louis G. and Susan B. Reese,131.1985,Painting,Painting & Sculpture,1985-04-08,Y,78932,http://www.moma.org/collection/works/78932,http://www.moma.org/media/W1siZiIsIjE2ODYxMSJdLFsicCIsImNvbnZlcnQiLCItcmVzaXplIDMwMHgzMDBcdTAwM2UiXV0.jpg?sha=bb01f22b55a3d33d,,8.9,,154.9,,,342.9,,
Untitled (hand print),Gabriel Orozco,7461,"(Mexican, born 1962)",(Mexican),(1962),(0),(Male),2000,Pencil and ink on paper,"11 1/2 x 8 1/4"" (29.2 x 21 cm)",Gift of Martina Yamin,153.2004,Drawing,Drawings & Prints,2004-05-11,Y,91128,http://www.moma.org/collection/works/91128,http://www.moma.org/media/W1siZiIsIjgwMDgyIl0sWyJwIiwiY29udmVydCIsIi1yZXNpemUgMzAweDMwMFx1MDAzZSJdXQ.jpg?sha=bbe74950968e7b5d,,,,29.2101,,,20.955,,
Child's Cradle,"J. & J. Kohn, Josef Kohn, Jacob Kohn","7063, 8182, 8845","(Austrian, established 1867) (Austrian, 1817–1884) (Austrian, 1791–1868)",(Austrian) (Austrian) (Austrian),(1867) (1817) (1791),(0) (1884) (1868),() (Male) (Male),c. 1895,Ebonized bentwood,"80 1/4 x 56 1/4 x 25 7/16"" (203.8 x 142.9 x 64.6 cm)",Gift of Barry Friedman,163.1993,Design,Architecture & Design,1993-05-04,Y,2334,http://www.moma.org/collection/works/2334,http://www.moma.org/media/W1siZiIsIjIxMDUyNSJdLFsicCIsImNvbnZlcnQiLCItcmVzaXplIDMwMHgzMDBcdTAwM2UiXV0.jpg?sha=92307bca6206704d,,64.6114,,203.8354,,,142.8753,,
Three Possible Edges (Part 2),Lucy Skaer,28812,"(British, born 1975)",(British),(1975),(0),(Female),2008,"Pencil, ink, and screenprint on paper","78 3/4 x 293 1/4"" (200 x 744.9 cm)",Committee on Drawings Funds and funds provided by the Contemporary Arts Council of The Museum of Modern Art,1776.2012,Drawing,Drawings & Prints,2012-10-17,Y,162665,http://www.moma.org/collection/works/162665,,,,,200.0254000508,,,744.856489713,,
Hysterical Lace,Margherita Manzelli,8445,"(Italian, born 1968)",(Italian),(1968),(0),(Female),(2001),Pencil and watercolor on paper,"30 x 22 1/4"" (76.2 x 56.5 cm)",Purchase,1363.2001,Drawing,Drawings & Prints,2001-05-08,Y,82215,http://www.moma.org/collection/works/82215,http://www.moma.org/media/W1siZiIsIjIyNzI3OCJdLFsicCIsImNvbnZlcnQiLCItcmVzaXplIDMwMHgzMDBcdTAwM2UiXV0.jpg?sha=612509a1e193ea9f,,,,76.2002,,,56.5151,,
The Nutty Professor storyboards,"John Jensen, Jerry Lewis","74235, 69618","(American, 1924–2003) (American, 1926–2017)",(American) (American),(1924) (1926),(2003) (2017),() (Male),,,"11 × 8 1/2"" (27.9 × 21.6 cm)",Gift of Chris Lewis,819642.202,(not assigned),Film,,N,282858,,,,0.0,,27.9400558801,,,21.5900431801,,
"Variant of plate from page 85 (supplementary suite, plate 9) from L'ART D'AIMER",Aristide Maillol,3697,"(French, 1861–1944)",(French),(1861),(1944),(Male),1935,"Lithograph, printed in color","irreg. composition  13 1/2 x 4 1/8"" (34.3 x 10.5 cm)",The Louis E. Stern Collection,902.1964.B09,Illustrated Book,Drawings & Prints,1964-10-06,N,27595,,,,,,34.3,,,10.5,,
"Épicerie populaire, Paris",Unknown photographer,8595,,(),(0),(0),(),c. 1910,Gelatin silver print,"Approx. 3 9/16 × 5 1/2"" (9 × 14 cm)",Acquired through the generosity of Jon L. Stryker and Committee on Photography Fund,472.2019.163,Photograph,Photography,,N,405196,,,,,,,,,,,
"Congressman John P. Hiler, Republican, Indiana",Judith Joy Ross,5030,"(American, born 1946)",(American),(1946),(0),(Female),1986,Gelatin silver printing-out-paper print,"9 5/8 × 7 11/16"" (24.4 × 19.5 cm)",Gift of Heidi and Richard Rieger,1006.2013,Photograph,Photography,2013-10-24,Y,173468,http://www.moma.org/collection/works/173468,http://www.moma.org/media/W1siZiIsIjI4NDg4MCJdLFsicCIsImNvbnZlcnQiLCItcmVzaXplIDMwMHgzMDBcdTAwM2UiXV0.jpg?sha=e2cac5559c351054,,,,24.4,,,19.5,,
Concert for Edith Wol,Herbert Bayer,399,"(American, born Austria. 1900–1985)",(American),(1900),(1985),(Male),1900-1950,,,Gift of Bernard Davis,181.1950,Design,Architecture & Design,1950-04-24,N,5559,,,,,,,,,,,
"Maquette for spread featuring the 1928 film Kapitanskaya dochka (The Captain’s Daughter) in Sovetsky Ekran (The Soviet Screen), no. 32",Varvara Stepanova,5643,"(Russian, 1894–1958)",(Russian),(1894),(1958),(Female),1928,Cut-and-pasted gelatin silver prints on paper with gouache and pencil,"12 3/16 × 17 15/16"" (31 × 45.5 cm)",Gift of Krystyna Gmurzynska,760.2019,Drawing,Drawings & Prints,2019-12-11,Y,401582,http://www.moma.org/collection/works/401582,http://www.moma.org/media/W1siZiIsIjQ3NzQ4MyJdLFsicCIsImNvbnZlcnQiLCItcmVzaXplIDMwMHgzMDBcdTAwM2UiXV0.jpg?sha=899778e64673aa19,,0.0,,31.0,,,45.5,,
"Die Aktion, vol. 5, no. 39/40",,,,,,,,"September 25, 1915",Periodical,"page (each approx.): 12 1/8 x 9 1/8"" (30.8 x 23.2 cm)",Committee on Prints and Illustrated Books Fund and The Library Council,947.2010.164,Periodical,Drawings & Prints,2010-11-10,N,144369,,,,,,30.8,,,23.2,,
"Transport Worker Arms Himself With Technincal Skill, Strive to Reconstruct Transportation",Nikolai Dolgorukov,1575,"(Russian, 1902–1980)",(Russian),(1902),(1980),(Male),1931,Offset lithograph,"40 7/8 x 28 3/4"" (104 x 73 cm)",Anonymous gift,474.1987,Design,Architecture & Design,1987-11-18,Y,7166,http://www.moma.org/collection/works/7166,http://www.moma.org/media/W1siZiIsIjIxMTQ5OCJdLFsicCIsImNvbnZlcnQiLCItcmVzaXplIDMwMHgzMDBcdTAwM2UiXV0.jpg?sha=58b8ac05a62fc81e,,,,104.0,,,73.0,,
"Iggy Pop, Metallic KO",Unknown Designer,6021,(American),(American),(0),(0),(),1977,Lithograph,"16 x 12"" (40.6 x 30.5 cm)",Gift of Lawrence Benenson,207.2012,Design,Architecture & Design,2012-02-09,Y,156076,http://www.moma.org/collection/works/156076,http://www.moma.org/media/W1siZiIsIjI1MTgwOSJdLFsicCIsImNvbnZlcnQiLCItcmVzaXplIDMwMHgzMDBcdTAwM2UiXV0.jpg?sha=570fcfbcf847dd4e,,,,40.6400812802,,,30.4800609601,,
Mutter Küsters Fahrt Zum Himmel,Rainer Werner Fassbinder,26614,"(German, 1945–1982)",(German),(1945),(1982),(Male),1975,German one-sheet,"33 x 23 1/4"" (83.8 x 59.1 cm)",Purchase from Fabiano Canosa,F2013.234,Work on Paper,Film,2013-10-22,N,175013,,,,0.0,,83.8201676403,,,59.0551181102,,
Untitled,Unknown photographer,8595,,(),(0),(0),(),c. 1940,Gelatin silver print,"3 × 2 1/16"" (7.6 × 5.2 cm)",Gift of Peter J. Cohen,680.2010,Photograph,Photography,2010-10-07,Y,141043,http://www.moma.org/collection/works/141043,http://www.moma.org/media/W1siZiIsIjMyMzk0NyJdLFsicCIsImNvbnZlcnQiLCItcmVzaXplIDMwMHgzMDBcdTAwM2UiXV0.jpg?sha=8b843b264c60c9b9,,,,7.6,,,5.2,,
The Murder from Nigger Heaven (Illustration from Carl van Vechten's novel),E. McKnight Kauffer,3020,"(American, 1890–1954)",(American),(1890),(1954),(Male),1931,Gouache and pencil on paper,"22 x 15 1/4"" (55.9 x 38.7 cm)",Gift of Carl van Vechten,738.1978.1,Drawing,Drawings & Prints,1978-10-27,Y,85901,http://www.moma.org/collection/works/85901,http://www.moma.org/media/W1siZiIsIjMzMTU5NSJdLFsicCIsImNvbnZlcnQiLCItcmVzaXplIDMwMHgzMDBcdTAwM2UiXV0.jpg?sha=5f7eb8df39145ecc,,,,55.9,,,38.7,,
Tumblers (model i-104),Timo Sarpaneva,5168,"(Finnish, 1926–2006)",(Finnish),(1926),(2006),(Male),1956,Blown glass,"2 1/2 x 2 3/4"" (6.4 x 7 cm)",Purchase,743.1983.1-6,Design,Architecture & Design,1983-11-30,Y,4438,http://www.moma.org/collection/works/4438,http://www.moma.org/media/W1siZiIsIjU5MjQwIl0sWyJwIiwiY29udmVydCIsIi1yZXNpemUgMzAweDMwMFx1MDAzZSJdXQ.jpg?sha=3eb3e7edf46a90e6,,,6.985,6.4,,,,,
Bukkyo Dendo Kyokai,Tadanori Yokoo,6502,"(Japanese, born 1936)",(Japanese),(1936),(0),(Male),Unknown,Offset lithograph,"43 1/8 x 31 1/8"" (109.6 x 79 cm)",Gift of the designer,840.1983,Design,Architecture & Design,1983-11-30,Y,8248,http://www.moma.org/collection/works/8248,,,,,109.6,,,79.0,,
"Untitled, (text from United Nations report, page 29-30)",Gilles Peress,4554,"(French, born 1946)",(French),(1946),(0),(Male),1994,Gelatin silver print,"36 × 55"" (91.4 × 139.7 cm)",Gift of Susan and Peter MacGill,45.2007.21,Photograph,Photography,2007-02-15,N,105846,,,,,,91.4402,,,139.7003,,
Untitled from Women are Beautiful,Garry Winogrand,6399,"(American, 1928–1984)",(American),(1928),(1984),(Male),1969,Gelatin silver print,"8 5/8 × 13"" (21.9 × 33.1 cm)",Gift of Mitchell Deutsch,357.1990,Photograph,Photography,1990-06-07,N,51681,,,,,,21.9,,,33.1,,
18 Janv 1984 from Paysages,Gérard Duchène,1636,"(French, born 1944)",(French),(1944),(0),(Male),1984,One from a portfolio of ten relief prints,"composition and sheet: 15 5/8 x 11 5/8"" (39.7 x 29.6 cm)",The Philip and Lynn Straus Foundation Fund and Purchase,298.1989.8,Print,Drawings & Prints,1989-10-12,Y,135032,http://www.moma.org/collection/works/135032,http://www.moma.org/media/W1siZiIsIjE5MDA2MSJdLFsicCIsImNvbnZlcnQiLCItcmVzaXplIDMwMHgzMDBcdTAwM2UiXV0.jpg?sha=8b05d9a2d10f9b10,,,,39.7,,,29.6,,
Exterior section and plan,Ludwig Mies van der Rohe,7166,"(American, born Germany. 1886–1969)",(American),(1886),(1969),(Male),c. 1945-50,Pencil on tracing paper,"21 x 31 1/4"" (53.3 x 79.4 cm)","Mies van der Rohe Archive, gift of the architect
",MR4511.86,Mies van der Rohe Archive,Architecture & Design,,N,87471,,,,,,53.3401,,,79.3752,,
Mountain 2003 (Berg 2003) from Architecture Models 1980-2006 (Architektur Modelle 1980-2006),Thomas Schütte,5281,"(German, born 1954)",(German),(1954),(0),(Male),2006,One from a portfolio of 27 etching and nyloprints with letterpress additions,"plate: 14 5/16 x 12 5/16"" (36.3 x 31.2 cm); sheet: 30 1/16 x 21"" (76.4 x 53.3 cm)",General Print Fund,301.2011.21,Print,Drawings & Prints,2011-05-16,Y,147929,http://www.moma.org/collection/works/147929,http://www.moma.org/media/W1siZiIsIjIzNTAwNCJdLFsicCIsImNvbnZlcnQiLCItcmVzaXplIDMwMHgzMDBcdTAwM2UiXV0.jpg?sha=117a5257f62d8b61,,,,36.3,,,31.2,,
Untitled,Felix Gonzalez-Torres,2233,"(American, born Cuba. 1957–1996)",(American),(1957),(1996),(Male),1992,Leather-bound embossed album with 24 leaves,"14 × 14 × 2"" (35.6 × 35.6 × 5.1 cm)",The Abramson Collection. Gift of Stephen and Sandra Abramson,448.2015.14,Photograph,Photography,2015-05-28,N,194497,,,,5.08001016,,35.5600711201,,,35.5600711201,,
"Adventures of an *, Storyboard","John Hubley, Faith Hubley","33845, 32272","(American, 1914–1977) (American, 1924–2001)",(American) (American),(1914) (1924),(1977) (2001),(Male) (Female),1957,,13 7/8 x 6,"Hubley Collection, Deposit with Department of Film. Special Collections, MoMA.",886.1998,Work on Paper,Film,,N,111910,,,,,,35.2425704851,,,15.2400304801,,
"Court House Project, Plan",Ludwig Mies van der Rohe,7166,"(American, born Germany. 1886–1969)",(American),(1886),(1969),(Male),c. 1935,Pencil on tracing paper,"16 1/2 x 11 3/4"" (41.9 x 29.8 cm)","Mies van der Rohe Archive, gift of the architect
",MR43.203,Mies van der Rohe Archive,Architecture & Design,,Y,170160,http://www.moma.org/collection/works/170160,http://www.moma.org/media/W1siZiIsIjI3MjA2OCJdLFsicCIsImNvbnZlcnQiLCItcmVzaXplIDMwMHgzMDBcdTAwM2UiXV0.jpg?sha=e8ef08063324dffc,,,,41.9101,,,29.8451,,
"VICTORIA, QUEEN OF ENGLAND (1819-1901)",André-Adolphe-Eugène Disdéri,1552,"(French, 1819–1889)",(French),(1819),(1889),(Male),1868,Albumen silver print,"3 1/2 × 2 1/4"" (9 × 5.7 cm)",,178.1982.44,Photograph,Photography,1982-05-13,N,47569,,,,,,9.0,,,5.7,,
Self-Portrait,Théo van Rysselberghe,5099,"(Belgian, 1862–1926)",(Belgian),(1862),(1926),(Male),(1888-89),Pastel and crayon on paper,"13 3/8 x 10 1/8"" (34 x 25.7 cm)",Gift of Mr. and Mrs. Hugo Perls,243.1956,Drawing,Drawings & Prints,1956-05-08,Y,35486,http://www.moma.org/collection/works/35486,http://www.moma.org/media/W1siZiIsIjc2MjYzIl0sWyJwIiwiY29udmVydCIsIi1yZXNpemUgMzAweDMwMFx1MDAzZSJdXQ.jpg?sha=aa5385d28a7242bb,,,,34.0,,,25.7,,
Dying Poplars and Live Branch - Lake George,Alfred Stieglitz,5664,"(American, 1864–1946)",(American),(1864),(1946),(Male),1932,Gelatin silver print,"9 5/16 × 7 3/8"" (23.7 × 18.8 cm)
",Alfred Stieglitz Collection. Gift of Georgia O'Keeffe,66.1950,Photograph,Photography,1950-01-06,N,45416,,,,,,23.7,,,18.8,,
Untitled,Unknown photographer,8595,,(),(0),(0),(),c. 1938–60,Gelatin silver print,"Approx. 2 × 2"" (5.1 × 5.1 cm)",Gift of Peter J. Cohen,767.2017.235,Photograph,Photography,2017-10-26,Y,277234,http://www.moma.org/collection/works/277234,http://www.moma.org/media/W1siZiIsIjQzNDcwNyJdLFsicCIsImNvbnZlcnQiLCItcmVzaXplIDMwMHgzMDBcdTAwM2UiXV0.jpg?sha=4dd6815c7a8fd465,,,,5.08001016,,,5.08001016,,
Louis Valtat from Twelve Original Lithographs by Pierre-Auguste Renoir (Douze lithographies originales de Pierre-Auguste Renoir),Pierre-Auguste Renoir,4869,"(French, 1841–1919)",(French),(1841),(1919),(Male),"c. 1904, published 1919",One from a portfolio of twelve lithographs,"composition (irreg.): 11 3/4 x 9 3/8"" (29.8 x 23.8 cm); sheet: 13 × 9 13/16"" (33 × 25 cm)",The Louis E. Stern Collection,1032.1964.2,Print,Drawings & Prints,1964-10-06,Y,30170,http://www.moma.org/collection/works/30170,http://www.moma.org/media/W1siZiIsIjMzNTc0NiJdLFsicCIsImNvbnZlcnQiLCItcmVzaXplIDMwMHgzMDBcdTAwM2UiXV0.jpg?sha=1f6c9c8f409e8818,,,,29.8,,,23.8,,
Plate (page 130) from POÈSIES ANTILLAISES,Henri Matisse,3832,"(French, 1869–1954)",(French),(1869),(1954),(Male),1946-1972,,"irreg. composition  14 3/4 x 9 3/4"" (37.4 x 24.8 cm)",Acquired by exchange,31.1973.100,Illustrated Book,Drawings & Prints,1973-01-04,N,10218,,,,,,37.4,,,24.8,,
Untitled from Vanish,Sol LeWitt,3528,"(American, 1928–2007)",(American),(1928),(2007),(Male),1994,One from a series of forty screenprints,"composition: 17 1/4 × 12 1/2"" (43.8 × 31.8 cm); sheet: 18 1/16 × 13 3/8"" (45.8 × 33.9 cm)",Gift of the artist,38.1996.23,Print,Drawings & Prints,1996-03-12,Y,143711,http://www.moma.org/collection/works/143711,http://www.moma.org/media/W1siZiIsIjIwNTE3NCJdLFsicCIsImNvbnZlcnQiLCItcmVzaXplIDMwMHgzMDBcdTAwM2UiXV0.jpg?sha=d8718019d77d0c1f,,,,43.8,,,31.8,,
Tuileries statue,Eugène Atget,229,"(French, 1857–1927)",(French),(1857),(1927),(Male),1911-12,Albumen silver print,"Approx. 8 11/16 × 6 9/16"" (22 × 16.7 cm)",Abbott-Levy Collection. Partial gift of Shirley C. Burden,1.1969.2751,Photograph,Photography,1968-03-06,Y,40754,http://www.moma.org/collection/works/40754,http://www.moma.org/media/W1siZiIsIjMwMjc0MCJdLFsicCIsImNvbnZlcnQiLCItcmVzaXplIDMwMHgzMDBcdTAwM2UiXV0.jpg?sha=a1eaa21f84d4b665,,,,,,,,,
Tanaqvil Flatware,Magnus Stephensen,5646,"(Danish, 1903–1984)",(Danish),(1903),(1984),(Male),1955,Stainless steel,".10 (serving fork): l. 9 3/4 x w. 2 5/8"" (l. 24.7 x w. 6.7 cm)
",Gift of the manufacturer,2293.2001.10,Design,Architecture & Design,2001-09-24,Y,91816,http://www.moma.org/collection/works/91816,http://www.moma.org/media/W1siZiIsIjIzMDI1NyJdLFsicCIsImNvbnZlcnQiLCItcmVzaXplIDMwMHgzMDBcdTAwM2UiXV0.jpg?sha=1ef42de47aa2e7fb,,,,,24.7,,6.6675,,
Ale Cans,Jasper Johns,2923,"(American, born 1930)",(American),(1930),(0),(Male),1964,Lithograph with crayon additions,"composition: 14 1/16 × 11"" (35.7 × 27.9 cm); sheet (irreg.): 26 9/16 × 20 5/8"" (67.5 × 52.4 cm)",Gift of the artist in honor of Tatyana Grosman,304.1985,Print,Drawings & Prints,1985-10-07,Y,66511,http://www.moma.org/collection/works/66511,http://www.moma.org/media/W1siZiIsIjIyMTM5MiJdLFsicCIsImNvbnZlcnQiLCItcmVzaXplIDMwMHgzMDBcdTAwM2UiXV0.jpg?sha=11e98c9d8ab239da,,,,35.7,,,27.9,,
"Untitled, plate 1 of 14, from the portfolio, Autobiographical Series",Louise Bourgeois,710,"(American, born France. 1911–2010)",(American),(1911),(2010),(Female),1994,"Drypoint and aquatint, with hand additions","plate: 13 13/16 x 10"" (35.1 x 25.4 cm); sheet: 22 7/16 x 17 15/16"" (57 x 45.5 cm)",Gift of the artist,618.2008,Print,Drawings & Prints,2008-06-18,Y,59459,http://www.moma.org/collection/works/59459,http://www.moma.org/media/W1siZiIsIjE1OTUwNCJdLFsicCIsImNvbnZlcnQiLCItcmVzaXplIDMwMHgzMDBcdTAwM2UiXV0.jpg?sha=d7ca5d4a9d5ddf07,,,,35.1,,,25.4,,
Double page plate (folios 18 verso and 19) from SKETCHBOOK 1982,Roger Brown,811,"(American, 1941–1997)",(American),(1941),(1997),(Male),1983,"Lithograph, printed in black on white, smooth, wove Arches 88 paper and photolithographic reproduction of newspaper advertisement, printed in black on light gray, smooth, wove paper taped to white, smooth, wove Arches 88 paper","irreg. composition  10 1/8 x 16 7/8"" (25 x 42.8 cm)",John B. Turner Fund,254.1984.17,Illustrated Book,Drawings & Prints,1984-10-02,N,14289,,,,,,25.0,,,42.8,,
Attorney,August Sander,5145,"(German, 1876–1964)",(German),(1876),(1964),(Male),1931,Gelatin silver print,"10 3/16 × 7 3/8"" (25.8 × 18.7 cm)",Acquired through the generosity of the family of August Sander,472.2015.301,Photograph,Photography,2015-05-28,Y,193933,http://www.moma.org/collection/works/193933,http://www.moma.org/media/W1siZiIsIjMyOTE0NiJdLFsicCIsImNvbnZlcnQiLCItcmVzaXplIDMwMHgzMDBcdTAwM2UiXV0.jpg?sha=33f6c2821fba55f4,,,,,,,,,
Untitled,Richard Deacon,1456,"(British, born 1949)",(British),(1949),(0),(Male),1990,Pencil on paper,"29 3/4 x 44"" (75.5 x 111.7 cm)",Gift of Barbara G. Pine,493.1992,Drawing,Drawings & Prints,1992-11-05,Y,37150,http://www.moma.org/collection/works/37150,http://www.moma.org/media/W1siZiIsIjMyMjc0NSJdLFsicCIsImNvbnZlcnQiLCItcmVzaXplIDMwMHgzMDBcdTAwM2UiXV0.jpg?sha=4643233a63ab3a48,,,,75.6,,,111.8,,
Low Tide Wandering No. 45 (Wattwanderung No. 45) from Low Tide Wandering (Wattwanderung),Thomas Schütte,5281,"(German, born 1954)",(German),(1954),(0),(Male),2001,One from a portfolio of 139 etchings,"plate: 5 5/16 x 7 5/16"" (13.5 x 18.5 cm); sheet: 17 5/8 x 12 11/16"" (44.7 x 32.2 cm)",Sue and Edgar Wachenheim III Fund and Gift of the Contemporary Arts Council of The Museum of Modern Art,300.2011.45,Print,Drawings & Prints,2011-05-16,Y,148395,http://www.moma.org/collection/works/148395,http://www.moma.org/media/W1siZiIsIjIxOTk4OCJdLFsicCIsImNvbnZlcnQiLCItcmVzaXplIDMwMHgzMDBcdTAwM2UiXV0.jpg?sha=303ba9508e8bd672,,,,13.5,,,18.5,,
Title page from LA VILLE,Frans Masereel,3814,"(Belgian, 1889–1972)",(Belgian),(1889),(1972),(Male),1925,,"irreg. composition  1 3/8 x 2 9/16"" (3.5 x 6.5 cm)",Purchase,587.1949.1,Illustrated Book,Drawings & Prints,1949-09-29,N,19106,,,,,,3.5,,,6.5,,
URBINO SERIES NO. 2,Deli Sacilotto,5107,(Canadian),(Canadian),(0),(0),(Male),(1966),"Lithograph, printed in color","Sheet 27 11/16 x 20"" (70.3 x 50.8 cm)Comp.  24 11/16 x 17"" (62.7 x 43.2 cm)","Gift of Mrs. Samuel Bronfman, Mrs. John David Eaton, and Mr. Samuel J. Zacks (through the International Council)",2193.1967,Print,Drawings & Prints,1967-10-18,N,78087,,,,,,62.7,,,43.2,,
Alphaville,Jean-Luc Godard,32250,"(French, born 1930)",(French),(1930),(0),(Male),1965,"Italian original 4-fogli, fabric","78 x 55"" (198.1 x 139.7 cm)",Purchase from Fabiano Canosa,F2013.237,Work on Paper,Film,2013-10-22,N,175016,,,,0.0,,198.1203962408,,,139.7002794006,,
"Farmer's Kitchen, Hale County, Alabama",Walker Evans,1777,"(American, 1903–1975)",(American),(1903),(1975),(Male),1936,"Gelatin silver print, printed c. 1970 by James Dow","9 3/8 × 6 3/4"" (23.9 × 17.2 cm)",Stephen R. Currier Memorial Fund,62.1971,Photograph,Photography,1971-03-02,N,45302,,,,,,23.9,,,17.2,,
"Variant of Two Women (1st supplementary suite, plate 13) from the illustrated book La Chèvre-Feuille",Pablo Picasso,4609,"(Spanish, 1881–1973)",(Spanish),(1881),(1973),(Male),1943,"Etching over relief halftone reproduction after drawing, relief printed","composition (irreg.): 10 5/8 x 8 3/8"" (27 x 21.3 cm); page: 11 x 8 7/8"" (28 x 22.5 cm)",The Louis E. Stern Collection,979.1964.B13,Illustrated Book,Drawings & Prints,1964-10-06,Y,29495,http://www.moma.org/collection/works/29495,http://www.moma.org/media/W1siZiIsIjE3MzkxOSJdLFsicCIsImNvbnZlcnQiLCItcmVzaXplIDMwMHgzMDBcdTAwM2UiXV0.jpg?sha=266061036cce33bf,,,,27.0,,,21.3,,
Incandescent Bulb (model 85),Tapio Wirkkala,6409,"(Finnish, 1915–1985)",(Finnish),(1915),(1985),(Male),1959,Glass,"8 1/4 x 3 11/16"" (21 x 9.4 cm)",Gift of the manufacturer,257.1962,Design,Architecture & Design,1962-11-07,Y,3095,http://www.moma.org/collection/works/3095,http://www.moma.org/media/W1siZiIsIjIxMDkwNiJdLFsicCIsImNvbnZlcnQiLCItcmVzaXplIDMwMHgzMDBcdTAwM2UiXV0.jpg?sha=266263d4dddf3f72,,,9.3663,21.0,,,,,
"Fair Booth (La Baraque) (headpiece, page 41) from Petites scènes familières",Pierre Bonnard,665,"(French, 1867–1947)",(French),(1867),(1947),(Male),"1893–94, published 1895",One from a book of musical scores with twenty lithographs (including wrapper front),"composition (irreg.): 4 3/16 x 8 9/16"" (10.6 x 21.7 cm); page: 13 3/4 × 10 5/8"" (35 × 27 cm)",Gift of Abby Aldrich Rockefeller,278.1948.17,Illustrated Book,Drawings & Prints,1948-10-06,Y,14458,http://www.moma.org/collection/works/14458,http://www.moma.org/media/W1siZiIsIjM0NjQ2NiJdLFsicCIsImNvbnZlcnQiLCItcmVzaXplIDMwMHgzMDBcdTAwM2UiXV0.jpg?sha=6eed5cd7b5acae84,,,,10.6,,,21.7,,
Roget's Thesaurus Location Piece,Vito Acconci,53,"(American, 1940–2017)",(American),(1940),(2017),(Male),c. 1969,"629 typewritten sheets, contained in cloth-bound slipcase","each: 11 × 8 1/2"" (27.9 × 21.6 cm)","Gift of the Gilbert B. and Lila Silverman Instruction Drawing Collection, Detroit",1362.2018.1-631,Drawing,Drawings & Prints,2018-11-05,N,288805,,,,,,27.9400558801,,,21.5900431801,,
Caliban,Jacques Villon,6165,"(French, 1875–1963)",(French),(1875),(1963),(Male),1941,Drypoint,"plate: 8 1/16 x 6 13/16"" (20.4 x 17.3 cm); sheet: 14 13/16 x 10 7/8"" (37.6 x 27.7 cm)",Purchase,170.1949,Print,Drawings & Prints,1949-03-24,Y,63517,http://www.moma.org/collection/works/63517,http://www.moma.org/media/W1siZiIsIjE3NzU3NCJdLFsicCIsImNvbnZlcnQiLCItcmVzaXplIDMwMHgzMDBcdTAwM2UiXV0.jpg?sha=f31690670ed24a5f,,,,20.4,,,17.3,,
Keyboard Dances,Philip Corner,36944,"(American, born 1933)",(American),(1933),(0),(Male),1963,Ink on paper,"sheet: 16 1/2 × 2 1/4"" (41.9 × 5.7 cm)",The Gilbert and Lila Silverman Fluxus Collection Gift,2132.2008.14,Drawing,Drawings & Prints,2008-10-08,N,140404,,,,,,41.9100838202,,,5.71501143,,
Make a Wish,Robert H. McNeill,45744,"(American, 1917–2005)",(American),(1917),(2005),(Male),1937,Gelatin silver print,"6 3/4 × 8 11/16"" (17.1 × 22 cm)
",Acquired through the generosity of The Friends of Education of The Museum of Modern Art and Committee on Photography Fund,915.2014,Photograph,Photography,2014-10-09,Y,186065,http://www.moma.org/collection/works/186065,http://www.moma.org/media/W1siZiIsIjMwOTQ1MCJdLFsicCIsImNvbnZlcnQiLCItcmVzaXplIDMwMHgzMDBcdTAwM2UiXV0.jpg?sha=06e6602c34eedb1f,,,,17.1,,,22.0,,
"Market Street, San Francisco",Willard Worden,6450,"(American, 1873–1946)",(American),(1873),(1946),(Male),1906,Gelatin silver print,"6 3/8 × 9 1/2"" (16.3 × 24.3 cm)",The Family of Man Fund,110.1986,Photograph,Photography,1986-01-15,Y,46415,http://www.moma.org/collection/works/46415,http://www.moma.org/media/W1siZiIsIjIwODIyNiJdLFsicCIsImNvbnZlcnQiLCItcmVzaXplIDMwMHgzMDBcdTAwM2UiXV0.jpg?sha=2c3a4fc2484d6811,,,,16.3,,,24.3,,
Added plate,Aristide Maillol,3697,"(French, 1861–1944)",(French),(1861),(1944),(Male),1927-1940,"Etching, printed in black","irreg. composition  4 3/8 x 2 15/16"" (11.2 x 7.5 cm)",The Louis E. Stern Collection,905.1964.45,Illustrated Book,Drawings & Prints,1964-10-06,N,27869,,,,,,11.2,,,7.5,,
International Worker's Day from Occuprint Portfolio,Jesus Barraza,41451,(American),(),(0),(0),(Male),2012,One from a portfolio of thirty-one screenprints,"composition: 15 3/4 x 9 15/16"" (40 x 25.2 cm); sheet: 18 x 11 15/16"" (45.7 x 30.4 cm)",Acquired through the generosity of Timothy Peterson and Richard Gerrig,87.2013.3,Print,Drawings & Prints,2013-02-07,Y,168831,http://www.moma.org/collection/works/168831,http://www.moma.org/media/W1siZiIsIjI2NzQ5NiJdLFsicCIsImNvbnZlcnQiLCItcmVzaXplIDMwMHgzMDBcdTAwM2UiXV0.jpg?sha=a2dd11589168c106,,,,40.0,,,25.2,,
Self Portrait,Ernesto Fontecilla,1933,"(Chilean, born 1938)",(Chilean),(1938),(0),(Male),1969,Etching and aquatint,"plate (irreg.): 30 1/8 x 21 3/4"" (76.5 x 55.3 cm); sheet (irreg.): 30 1/8 x 21 3/4"" (76.5 x 55.3 cm)",Gift of Elaine L. Johnson,107.1970,Print,Drawings & Prints,1970-03-05,Y,61895,http://www.moma.org/collection/works/61895,,,,,76.5,,,55.3,,
Untitled (Copper Plate for We Love You),Louise Bourgeois,710,"(American, born France. 1911–2010)",(American),(1911),(2010),(Female),1992,"Copper plate, with drypoint","plate: 12 15/16 × 19 15/16"" (32.8 × 50.6 cm)",Gift of the artist,540.1994.1-2,Print,Drawings & Prints,1994-11-08,Y,70825,http://www.moma.org/collection/works/70825,http://www.moma.org/media/W1siZiIsIjE2MzIwNiJdLFsicCIsImNvbnZlcnQiLCItcmVzaXplIDMwMHgzMDBcdTAwM2UiXV0.jpg?sha=f7b40c5f3aefaac4,,,,32.8,,,50.6,,
"Thief Crucified (plate, folio 2) from Some Engravings",Leonard Baskin,369,"(American, 1922–2000)",(American),(1922),(2000),(Male),1950-1952,Wood engraving,"composition (irreg.): 2 1/16 x 1 9/16"" (5.2 x 4cm); page: 7 7/8 × 7 1/16"" (20 × 18 cm)",Given anonymously,32.1953.1,Illustrated Book,Drawings & Prints,1953-01-30,N,10365,,,,,,5.2,,,4.0,,
House of Culture (Dom kul’tury),Elena Semenova,67661,"(Russian, 1898–1986)",(Russian),(1898),(1986),(Female),c. 1926–28,"Ink, pencil, and gouache on paper mounted on board
","8 3/4 × 8 1/8"" (22.3 × 20.7 cm)","The Merrill C. Berman Collection. Acquired through the generosity of Alice and Tom Tisch, Jo Carole and Ronald S. Lauder, Sue and Edgar Wachenheim III, David Booth, Marlene Hess and James D. Zirin, Marie-Josée and Henry R. Kravis, Jack Shear, the Patricia Bonfield Endowed Acquisition Fund for the Design Collection, Daniel and Jane Och, The Orentreich Family Foundation, Emily Rauh Pulitzer, The Modern Women's Fund; and by exchange: Gift of Jean Dubuffet in honor of Mr. and Mrs. Ralph Colin, The Judith Rothschild Foundation Contemporary Drawings Collection, and the Richard S. Zeisler Bequest",501.2018,Drawing,Drawings & Prints,2018-03-21,N,280304,,,,,,22.3,,,20.7,,
HÔTEL DU PRÉSIDENT DURET. RUE SAINT DOMINIQUE 16,Eugène Atget,229,"(French, 1857–1927)",(French),(1857),(1927),(Male),1902-03,Albumen silver print,"Approx. 8 11/16 × 7 1/16"" (22 × 18 cm)",Abbott-Levy Collection. Partial gift of Shirley C. Burden,1.1969.4524,Photograph,Photography,1968-03-06,N,42795,,,,,,,,,,,
"Berryessa Valley, Napa County, California",Dorothea Lange,3373,"(American, 1895–1965)",(American),(1895),(1965),(Female),1956,"Gelatin silver print, printed 1965","11 1/8 × 11 1/2"" (28.2 × 29.2 cm)",Purchase,512.1995,Photograph,Photography,1995-06-15,Y,54578,http://www.moma.org/collection/works/54578,http://www.moma.org/media/W1siZiIsIjI1ODcwOCJdLFsicCIsImNvbnZlcnQiLCItcmVzaXplIDMwMHgzMDBcdTAwM2UiXV0.jpg?sha=171b7bb1c9d58008,,,,28.2,,,29.2,,
Chelovek. Veshch',Unknown Artist,23390,(Nationality unknown),(Nationality unknown),(0),(0),(),1918,,"Page: 7 x 5 1/4"" (17.8 x 13.4 cm)",Gift of The Judith Rothschild Foundation (Boris Kerdimun Archive),1017.2001,Illustrated Book,Drawings & Prints,2001-01-24,N,29999,,,,,,17.8,,,13.4,,
Razocharovanie,Georgii Echeistov,23633,"(Russian, 1897–1946)",(Russian),(1897),(1946),(Male),1922,,"Page: 6 13/16 x 5 3/16"" (17.3 x 13.1 cm)",Gift of The Judith Rothschild Foundation (Boris Kerdimun Archive),577.2001,Illustrated Book,Drawings & Prints,2001-01-24,N,18831,,,,,,17.3,,,13.1,,
